{
  "schemaVersion": 1,
  "id": "tiantong",
  "version": "${version}",

  "name": "Tiantong City",
  "description": "Tiantong private mod",
  "authors": [
    "Me!"
  ],

  "license": "CC0-1.0",
  "icon": "assets/tiantong/icon.png",

  "environment": "*",
  "entrypoints": {
    "main": [
      "net.fabricmc.tiantong.TiantongMain"
    ]
  },
  "mixins": [
    "tiantong.mixins.json"
  ],

  "depends": {
    "fabricloader": ">=0.14.11",
    "fabric-api": ">=0.68.0",
    "minecraft": "~1.19.3",
    "java": ">=17"
  },
  "suggests": {
    "another-mod": "mtr"
  }
}
